"0",""
"0","knitr::opts_chunk$set(warning = F,"
"0","                      message = F,"
"0","                      echo = F)"
"0",""
"0","library(ggplot2)"
"0","library(reader)"
"0","library(ggthemes)"
"0","library(knitr)"
"0","library(rmarkdown)"
"0","library(dplyr)"
"0","library(tidyr)"
"0","library(lubridate)"
"0","library(stringr)"
"0","library(shiny)"
"0","library(shinydashboard)"
"0","library(dashboardthemes)"
"0","library(shinyWidgets)"
"0","library(forcats)"
"0","library(readr)"
"0","library(readxl)"
"0","library(tibble)"
"0","library(kableExtra)"
"0","library(gt)"
"0",""
"0","library(DBI)"
"0","library(RSQLite)"
"0",""
